{"Cnj3UjZkXnr7t9Idn+oFVQ==":"pexels-janrune-smenes-reite-3192669.jpeg","SmU8ALw8iDlA5gyFg6fG2g==":"pexels-janrune-smenes-reite-3207531.jpeg","XaWzsVFuJ6fdomUkTv2jxw==":"pexels-pixabay-257700.jpg","+ydPiFFMjm6QBrxZiIFjdg==":"pexels-pixabay-327041.jpg","JnSS8zZmOJhI4WslNCw64Q==":"pexels-zukiman-mohamad-87236.jpg","QBXjjBL/m9PnbzTYf0A18g==":"pexels-janrune-smenes-reite-3192669.jpg","M3RGMyXkxIElDgZNihWZrQ==":"pexels-life-of-pix-2391.jpg","yaKLIFQoyLZk/Nghz6IEpg==":"soggb.jpg","tJ8Ea9Ja9vpo24lt1VKxVg==":"sogl.png","Fp/07hbJhqGnT3pXmQSWXw==":"sogl-1.png","kJVc9UzkbmTRCwOxFVq3EQ==":"output-onlinepngtools-2.png","h/qzx11/Mgo1h4ycGqbROQ==":"sogll.png"}